Store,SKU,On Hand,Available
Wholesale,11-0111,3,0
Wholesale,11-0111-A,0,0
Wholesale,11-0111-CP12,1500,0
Wholesale,11-0112,2,0
Wholesale,11-0112-A,0,0
Wholesale,11-0112-CP12,5,0
Wholesale,11-0113,0,0
Wholesale,11-0113-A,5,0
Wholesale,11-0114,0,0
Wholesale,11-0114-A,14,0
Wholesale,11-0121-A,0,0
Wholesale,11-0121-CP12,1500,0
Wholesale,11-0122,114,52
Wholesale,11-0122-A,10,0
Wholesale,11-0123,0,0
Wholesale,11-0123-A,-8319,-8319
Wholesale,11-0124,2,2
Wholesale,11-0124-A,0,0
Wholesale,11-0131,1,1
Wholesale,11-0131-A,1503,0
Wholesale,11-0131-CP12,0,0
Wholesale,11-0132,69,0
Wholesale,11-0132-A,804,0
Wholesale,11-0133,8,5
Wholesale,11-0133-A,15,0
Wholesale,11-0134,0,0
Wholesale,11-0134-A,0,0
Wholesale,11-0141,1500,0
Wholesale,11-0141-A,7,0
Wholesale,11-0142,7,0
Wholesale,11-0142-A,0,0
Wholesale,11-0143,0,0
Wholesale,11-0143-A,0,0
Wholesale,11-0144,0,0
Wholesale,11-0144-A,0,0
Wholesale,11-0151,0,0
Wholesale,11-0151-A,12,0
Wholesale,11-0152,0,0
Wholesale,11-0152-A,10,0
Wholesale,11-0153,0,0
Wholesale,11-0153-A,0,0
Wholesale,11-0154,30,0
Wholesale,11-0154-A,40,0
Wholesale,11-0161,0,0
Wholesale,11-0161-CP12,6,5
Wholesale,11-0162,955,954
Wholesale,11-0162-CP12,1,1
Wholesale,11-0164,0,0
Wholesale,11-0241,9,9
Wholesale,11-0241-A,0,0
Wholesale,11-0242,0,0
Wholesale,11-0242-A,0,0
Wholesale,11-0243,39,39
Wholesale,11-0243-A,0,0
Wholesale,11-0244,892,892
Wholesale,11-0244-A,1,1
Wholesale,11-0245,0,0
Wholesale,11-0245-A,8,8
Wholesale,11-0246,45,45
Wholesale,11-0351,1216,0
Wholesale,11-0351-A,0,0
Wholesale,11-0450,7207,4889
Wholesale,11-0450-A,0,0
Wholesale,11-0450-B,0,0
Wholesale,11-0450-CP24,-16,-16
Wholesale,11-0451,0,0
Wholesale,11-0452,0,0
Wholesale,11-1102,370,368
Wholesale,11-1103,10270,9218
Wholesale,11-1107,426,0
Wholesale,11-1107-A,272,272
Wholesale,11-1501,3334,3326
Wholesale,11-1501-A,696,0
Wholesale,11-1603,337,0
Wholesale,11-1608,874,684
Wholesale,11-1609,2102,1442
Wholesale,11-1611,1300,674
Wholesale,11-1612,1954,1082
Wholesale,11-1616,19,19
Wholesale,11-1617,11171,10062
Wholesale,11-1618,0,0
Wholesale,11-1619,16,9
Wholesale,11-2101,458,0
Wholesale,11-2101-A,0,0
Wholesale,11-2201,4,4
Wholesale,11-2201-A,4,0
Wholesale,11-2501,13422,11270
Wholesale,11-2501-A,0,0
Wholesale,11-2502,2520,789
Wholesale,11-2502-A,0,0
Wholesale,11-2503,7772,6163
Wholesale,11-2503-A,0,0
Wholesale,11-2504,4467,3007
Wholesale,11-2504-A,0,0
Wholesale,11-2505,1060,0
Wholesale,11-2505-A,0,0
Wholesale,11-2506,4,3
Wholesale,11-2506-CP12,0,0
Wholesale,11-2507,19908,16316
Wholesale,11-2507-A,0,0
Wholesale,11-2508-V2,48804,48804
Wholesale,11-2509,1711,633
Wholesale,11-2509-CP12,147,3
Wholesale,11-2512,18,17
Wholesale,11-2514,200,194
Wholesale,11-2514-CP12,4366,3744
Wholesale,11-2520,15,15
Wholesale,11-2521,2802,1793
Wholesale,11-2521-CP12,12297,12287
Wholesale,11-4001,1434,762
Wholesale,11-4001-A,0,0
Wholesale,11-4501,41,26
Wholesale,11-4501-A,672,0
Wholesale,11-4502,0,0
Wholesale,11-4502-A,9,9
Wholesale,11-8001,0,0
Wholesale,11-9001,340,15
Wholesale,11-9001-A,202,202
Wholesale,11-9002,1849,1649
Wholesale,11-9002-A,0,0
Wholesale,11-9003,0,0
Wholesale,11-9005,718,11
Wholesale,11-PPCK-001-0030-A,0,0
Wholesale,11-PPCK-002-0002-C,0,0
Wholesale,11-PPCK-002-0008-C,0,0
Wholesale,11-PPCK-002-0010-C,0,0
Wholesale,11-PPCK-002-0015-C,0,0
Wholesale,11-PPCK-002-0017-C,0,0
Wholesale,11-PPCK-002-0026-A,0,0
Wholesale,11-PPCK-002-0027-A,0,0
Wholesale,11-PPCK-002-0028-A,0,0
Wholesale,11-PPCK-002-0029-A,0,0
Wholesale,11-PPCK-002-0030-A,0,0
Wholesale,11-PROD-003-0001-B,0,0
Wholesale,11-PROD-003-0002-B,0,0
Wholesale,11-PROD-003-0003-B,0,0
Wholesale,11-PROD-003-0004-B,0,0
Wholesale,11-PROD-003-0005-B,0,0
Wholesale,11-PROD-003-0006-B,0,0
Wholesale,11-SPCK-001-0181-A,0,0
Wholesale,11-SPCK-001-0184-A,0,0
Wholesale,11-SPCK-002-0039-A,0,0
Wholesale,11-SUBC-100-0001,0,0
Wholesale,11-SUBC-100-0002,0,0
Wholesale,11-SUBC-999-0004,0,0
Wholesale,11-SUBC-999-0008-A,0,0
Wholesale,11-SUBC-999-0010-A,0,0
Wholesale,11-SUBC-999-0011-A,0,0
Wholesale,110454,0,0
Wholesale,110455,0,0
Wholesale,110455-A,1,0
Wholesale,110456,1,0
Wholesale,110456-A,0,0
Wholesale,110511,0,0
Wholesale,112513,460,460
Wholesale,112515,36,36
Wholesale,112516,20,18
Wholesale,112517,0,0
Wholesale,112518,5,5
Wholesale,112519,0,0
Wholesale,119008,0,0
Wholesale,119010,39,39
Wholesale,119502,6,6
Wholesale,14-SPCK-001-0183-A,0,0
Wholesale,16-0101,0,0
Wholesale,16-0101-A,0,0
Wholesale,16-0102,48,42
Wholesale,16-0102-A,0,0
Wholesale,16-0103,0,0
Wholesale,16-0103-A,0,0
Wholesale,16-0109,0,0
Wholesale,16-0110,11,11
Wholesale,16-MRKR-001-0021-A,356,206
Wholesale,16-MRKR-001-0022-A,419,278
Wholesale,165001,2118,110
Wholesale,165005,42752,38059
Wholesale,165006,24017,21876
Wholesale,165007,5418,3293
Wholesale,165008,27881,9439
Wholesale,165009,10610,8164
Wholesale,165012,1712,699
Wholesale,165014,1962,1520
Wholesale,167001,2561,2192
Wholesale,167002,0,0
Wholesale,167004,9,9
Wholesale,167005,40,40
Wholesale,167006,0,0
Wholesale,17-1101,0,0
Wholesale,24CF12560-04,332,332
Wholesale,24CF12561-02,193,193
Wholesale,24CF12561-03,274,274
Wholesale,98-91001,0,0
Wholesale,98-91002,0,0
Wholesale,98-91003,0,0
Wholesale,98-91004,0,0
Wholesale,98-91005,0,0
Wholesale,98-91006,0,0
Wholesale,98-91007,0,0
Wholesale,98-91007-A,0,0
Wholesale,98-91008,0,0
Wholesale,98-91008-A,0,0
Wholesale,98-91009,0,0
Wholesale,98-91010,0,0
Wholesale,98-91010-A,0,0
Wholesale,98-9221,-4934,-4934
Wholesale,98-95014,-458,-458
Wholesale,98-SPCK-001-0187-A,0,0
Wholesale,98-SPCK-001-0188-A,0,0
Wholesale,98-SPCK-001-0189-A,0,0
Wholesale,98-SPCK-001-0190-A,0,0
Wholesale,989524,-30,-30
Wholesale,99-11,57,57
Wholesale,99-8501,0,0
Wholesale,99-9002,0,0
Wholesale,99-9100,-5,-5
Wholesale,99-9101,0,0
Wholesale,99-9500,0,0
Wholesale,99-9501,0,0
Wholesale,99-9501-A,0,0
Wholesale,99-9502,963,956
Wholesale,99-9504,9,3
Wholesale,99-TERT-001-0026,0,0
Wholesale,99-TERT-002-0026,0,0
Wholesale,99-TERT-002-0031,0,0
Wholesale,993076,124,124
Wholesale,CVSJournalPDQ,0,0
Wholesale,CVSpenPDQ,0,0
Wholesale,CVSpencilPDQ,0,0
Wholesale,DS01-1008,-5,-5
Wholesale,LL-00-0001,0,0
Wholesale,LL-00-0002,0,0
Wholesale,LL-00-0003,11,11
Wholesale,LL-00-0004,923,891
Wholesale,LL-00-0005,89,89
Wholesale,LL-00-0006,89,89
Wholesale,LL-00-0007,39,39
Wholesale,LL-00-0008,39,39
Wholesale,LL-00-0010,0,0
Wholesale,LL-00-0011,1450,0
Wholesale,LL-00-0014,0,0
Wholesale,LL-00-0015,0,0
Wholesale,LL-00-0016,0,0
Wholesale,LL-00-0017,0,0
Wholesale,LL-00-0018,0,0
Wholesale,LL-01-2026,845,845
DTC,LL-11-1108,0,0
Wholesale,LL-11-1108-Inner,37,0
Wholesale,LL-11-1621,2340,1225
Wholesale,LL-11-2507-A,3972,3815
Wholesale,LL-11-2508-CP12,28422,23451
Wholesale,LL-11-2520-CP12,1850,838
Wholesale,LL-11-3008,848,656
Wholesale,LL-11-3064,116,13
Wholesale,LL-11-3072,0,0
Wholesale,LL-11-3077,433,312
Wholesale,LL-11-3078,144,119
Wholesale,LL-11-3079,893,806
Wholesale,LL-11-3080,587,484
Wholesale,LL-11-3081,172,44
Wholesale,LL-11-3093,2078,2016
Wholesale,LL-11-3094,700,699
Wholesale,LL-11-3095,1200,1200
Wholesale,LL-11-3096,2538,2481
Wholesale,LL-11-3097,0,0
Wholesale,LL-11-3098,0,0
Wholesale,LL-11-3099,0,0
Wholesale,LL-11-3100,672,669
Wholesale,LL-11-3101,0,0
Wholesale,LL-11-3103,0,0
Wholesale,LL-11-3120,0,0
Wholesale,LL-11-3194,644,344
Wholesale,LL-11-3195,51,51
Wholesale,LL-11-3198,756,456
Wholesale,LL-11-3199,43,43
Wholesale,LL-11-3234,6,0
Wholesale,LL-11-3235,514,214
Wholesale,LL-11-3236,587,287
Wholesale,LL-11-3237,401,401
Wholesale,LL-11-3240,480,480
Wholesale,LL-11-3241,393,93
DTC,LL-11-3291,543,543
Wholesale,LL-11-3292,0,0
Wholesale,LL-11-3306,775,765
DTC,LL-11-3345,176,176
DTC,LL-11-3346,97,97
Wholesale,LL-11-3347,183,182
DTC,LL-11-3348,984,983
DTC,LL-11-3349,1292,1292
Wholesale,LL-11-9012,5788,5679
Wholesale,LL-12-2522,1087,1086
Wholesale,LL-12-3000,1649,1576
Wholesale,LL-12-3001,531,398
Wholesale,LL-12-3002,1278,1157
Wholesale,LL-12-3018,2762,2676
Wholesale,LL-12-3019,4440,3415
Wholesale,LL-12-3021,8236,4438
Wholesale,LL-12-3066,145,144
Wholesale,LL-12-3066-CP12,10841,10695
Wholesale,LL-12-3082,1,1
Wholesale,LL-12-3082-CP12,16159,16016
Wholesale,LL-12-3102,22457,9404
Wholesale,LL-12-3104,0,0
Wholesale,LL-12-3109,13900,11333
Wholesale,LL-12-3110,0,0
Wholesale,LL-12-3121,3137,2901
Wholesale,LL-12-3121-CP72,0,0
Wholesale,LL-12-3122,2377,2363
Wholesale,LL-12-3122-CP72,0,0
Wholesale,LL-12-3123,1878,1520
Wholesale,LL-12-3123-CP72,0,0
Wholesale,LL-12-3124,3600,3286
Wholesale,LL-12-3124-CP72,220,220
Wholesale,LL-12-3125,3997,3806
Wholesale,LL-12-3125-CP72,300,300
Wholesale,LL-12-3126,2503,2480
Wholesale,LL-12-3126-CP72,2160,2160
Wholesale,LL-12-3127,0,0
Wholesale,LL-12-3132,15,15
Wholesale,LL-12-3133,2474,2474
Wholesale,LL-12-3136,41,41
Wholesale,LL-12-3137,235,235
Wholesale,LL-12-3138,60,60
Wholesale,LL-12-3139,21,21
Wholesale,LL-12-3155,708,663
Wholesale,LL-12-3161,7274,7194
Wholesale,LL-12-3172,2018,1908
Wholesale,LL-12-3196,260,260
Wholesale,LL-12-3197,5404,5342
Wholesale,LL-12-3211,0,0
Wholesale,LL-12-3213,-4,-4
Wholesale,LL-12-3214,-4,-4
Wholesale,LL-12-3215,-4,-4
Wholesale,LL-12-3216,0,0
Wholesale,LL-12-3233,0,0
Wholesale,LL-12-3238,0,0
Wholesale,LL-12-3242,0,0
Wholesale,LL-12-3288,0,0
Wholesale,LL-12-3365,0,0
Wholesale,LL-14-3083,2757,1638
Wholesale,LL-14-3084,0,0
Wholesale,LL-14-3085,-6,-6
Wholesale,LL-14-3086,0,0
Wholesale,LL-14-3088,6,0
Wholesale,LL-14-3144,0,0
Wholesale,LL-14-3146,0,0
Wholesale,LL-14-3177,2093,2093
Wholesale,LL-14-3179,4003,2467
DTC,LL-14-3182,0,0
Wholesale,LL-14-3183,-2,-2
Wholesale,LL-14-3256,0,0
Wholesale,LL-14-3378,0,0
Wholesale,LL-16-3140,16,16
Wholesale,LL-16-3141,0,0
Wholesale,LL-16-3148,16594,6127
Wholesale,LL-16-3148-V3,2777,2777
Wholesale,LL-16-3149,15392,8918
Wholesale,LL-16-3150,5911,2976
Wholesale,LL-16-3151,3281,1968
Wholesale,LL-16-3152,568,32
Wholesale,LL-16-3153,12587,5910
Wholesale,LL-16-3153-V3,12867,12867
Wholesale,LL-16-3154,2530,0
Wholesale,LL-16-3157,543,0
Wholesale,LL-16-3158,3187,2613
Wholesale,LL-16-3160,273,273
Wholesale,LL-16-3162,3530,3491
Wholesale,LL-16-3163,1,1
Wholesale,LL-16-3193,0,0
Wholesale,LL-16-3200,14420,13100
Wholesale,LL-16-3201,12400,10413
Wholesale,LL-16-3202,1431,0
Wholesale,LL-16-3203,-4,-4
Wholesale,LL-16-3204,8252,7387
Wholesale,LL-16-3205,10444,7408
Wholesale,LL-16-3206,7548,7119
Wholesale,LL-16-3207,1200,0
Wholesale,LL-16-3210,2583,2516
Wholesale,LL-16-3222,12778,7626
Wholesale,LL-16-3223,13185,6431
Wholesale,LL-16-3224,14054,13179
Wholesale,LL-16-3225,1201,0
Wholesale,LL-16-3243,1433,0
Wholesale,LL-16-3244,0,0
Wholesale,LL-16-3245,0,0
Wholesale,LL-16-3246,-8,-8
Wholesale,LL-16-3247,0,0
Wholesale,LL-16-3248,0,0
Wholesale,LL-16-3249,1200,0
Wholesale,LL-16-3290,0,0
Wholesale,LL-16-3299,0,-4
Wholesale,LL-16-3300,0,0
Wholesale,LL-16-3313,0,0
Wholesale,LL-16-3334,0,0
Wholesale,LL-16-3335,0,0
Wholesale,LL-16-3336,0,0
Wholesale,LL-16-3337,0,0
Wholesale,LL-16-3342,0,0
Wholesale,LL-16-3343,0,0
Wholesale,LL-16-3344,0,0
Wholesale,LL-16-3367,0,0
Wholesale,LL-16-3368,0,0
Wholesale,LL-16-3369,0,0
Wholesale,LL-20-3227,9799,7405
Wholesale,LL-20-3228,5345,2969
Wholesale,LL-20-3229,4443,1995
Wholesale,LL-20-3230,2479,0
Wholesale,LL-20-3231,3523,1080
Wholesale,LL-20-3232,2613,135
Wholesale,LL-20-3250,0,0
Wholesale,LL-20-3251,0,0
Wholesale,LL-20-3252,0,0
Wholesale,LL-20-3253,0,0
Wholesale,LL-20-3254,0,0
Wholesale,LL-20-3255,0,0
Wholesale,LL-20-3293,0,0
Wholesale,LL-20-3294,0,0
Wholesale,LL-20-3295,0,0
Wholesale,LL-20-3296,0,0
Wholesale,LL-20-3297,0,0
Wholesale,LL-20-3298,0,0
Wholesale,LL-20-3329,0,0
Wholesale,LL-98-3025,0,0
Wholesale,LL-98-3026,1,0
Wholesale,LL-98-3027,8,8
Wholesale,LL-98-3028,0,0
Wholesale,LL-98-3029,5,3
Wholesale,LL-98-3029-CP20,117,12
Wholesale,LL-98-3030,21,21
Wholesale,LL-98-3030-CP20,0,0
Wholesale,LL-98-3031,0,0
Wholesale,LL-98-3032,0,0
Wholesale,LL-98-3033,0,0
Wholesale,LL-98-3091,0,0
Wholesale,LL-98-3092,0,0
Wholesale,LL-98-3128,803,586
Wholesale,LL-98-3129,156,156
Wholesale,LL-98-3167,394,237
Wholesale,LL-98-3168,0,0
Wholesale,LL-98-3169,0,0
Wholesale,LL-98-3170,86,86
Wholesale,LL-98-3184,813,465
Wholesale,LL-98-3185,479,167
Wholesale,LL-98-3186,36,0
Wholesale,LL-98-3187,1410,1067
Wholesale,LL-98-3188,0,0
Wholesale,LL-98-3189,20110,12102
Wholesale,LL-98-3190,131,131
Wholesale,LL-98-3191,0,0
Wholesale,LL-98-3217,3744,2544
Wholesale,LL-98-3218,2502,1152
Wholesale,LL-98-3219,3292,2842
Wholesale,LL-98-3221,24,24
Wholesale,LL-98-3257,0,0
Wholesale,LL-98-3258,0,0
Wholesale,LL-98-3259,0,0
Wholesale,LL-98-9220,0,0
Wholesale,LL-99-0014,548,300
Wholesale,LL-99-0015,-1,-1
Wholesale,LL-99-3087,44,15
Wholesale,LL-99-3089,0,0
Wholesale,LL-99-3090,0,0
Wholesale,LL-99-3115,0,0
Wholesale,PLASTIC INSERT TRAY,0,0
Wholesale,VIP MC,0,0
